Остатки-заказ;;;;;;
Период: на конец дня 31.12.2023;;;;;;
"Показатели: Цена; Цена_2; Остаток; КухИн;";;;;;;
"Группировки строк: Номенклатура (Иерархия);";;;;;;
"Отборы:
Номенклатура Не в списке (Стиральная машина с сушко...);
Цена Не равно 0;
Номенклатура.Брэнд Не в списке (Bosch SD; Neff; Siemens SD; BORK);
Остаток Больше 0;";;;;;;
"Дополнительные поля:
Номенклатура.Код (Отдельно, После группировки);
Номенклатура.Код производителя (Отдельно, После группировки);";;;;;;
"Сортировка: Вид номенклатуры (По возрастанию); Брэнд (По возрастанию);";;;;;;
;;;;;;
Номенклатура;Код;Код производителя;Цена;Цена_2;Остаток;КухИн
;;;;;;
1.1.Крупная бытовая техника;10;;;;;
;;;;;;
Аксессуары;117;;;;;
Выдвижная гладильная доска Asko HI1153S*;154 767;732756;38 250,00;45 000,00;1;КухИн
Выдвижная полка с корзиной для белья Asko HDB1153T*;145 492;576555;35 700,00;42 000,00;1;КухИн
Соединительный кит Vestfrost (арт. 42244332);227 310;42244332;4 790,00;5 990,00;> 5;
Соединительный кит Vestfrost с выдвижной полкой (арт.42213957);207 734;;5 590,00;6 990,00;> 5;
;;;;;;
Стиральные машины;120;;;;;
;;;;;;
Полноразмерные;136;;;;;КухИн
Стиральная машина Asko W2084.W/3* ;226 610;741607;79 120,00;98 900,00;> 5;КухИн
Стиральная машина Asko W2086C.W/3* ;226 609;741606;87 920,00;109 900,00;> 5;КухИн
Стиральная машина Asko W2114C.W/1* ;226 814;741585;98 320,00;122 900,00;4;КухИн
Стиральная машина Asko W4086C.T/3* ;226 616;741635;115 425,00;149 900,00;> 5;КухИн
Стиральная машина Asko W4086C.W/3* ;226 813;741634;115 425,00;149 900,00;> 5;КухИн
Стиральная машина Asko W4096P.W/3* ;226 615;741588;130 055,00;168 900,00;> 5;КухИн
Стиральная машина Asko W4114C.W/3* ;226 816;741648;130 055,00;168 900,00;2;КухИн
Стиральная машина Asko W6098P.W/1* ;226 613;741649;146 225,00;189 900,00;1;КухИн
Стиральная машина Asko W6098X.S/3* ;226 612;741661;166 245,00;215 900,00;> 5;КухИн
Стиральная машина Asko W6098X.W/3* ;226 611;741663;158 545,00;205 900,00;4;КухИн
Стиральная машина Asko WMC6863P.W/1*;231 453;741837;124 490,00;172 900,00;> 5;КухИн
;;;;;;
Стирально-сушильные машины;138;;;;;
Стиральная машина с сушкой Vestfrost VD712T2T0W*;166 448;18001987;51 095,00;72 990,00;> 5;
Стиральная машина с сушкой Vestfrost VFRD814T31W*;166 458;18001996;53 195,00;75 990,00;> 5;
;;;;;;
Сушильные машины;140;;;;;
Сушильная машина Asko TDC1781H.W*;231 452;738656;110 090,00;152 900,00;4;КухИн
Сушильная машина SMEG DT393RU**;231 408;DT393RU;88 150,00;115 990,00;5;КухИн
Сушильный барабан Asko T208C.W*;156 436;576407;67 120,00;83 900,00;3;КухИн
Сушильный барабан Asko T208H.W*;156 437;576408;71 920,00;89 900,00;> 5;КухИн
Сушильный барабан Asko T210H.W.P*;229 793;742858;95 920,00;119 900,00;3;КухИн
Сушильный барабан Asko T408CD.W.P*;143 824;576707;74 615,00;96 900,00;1;КухИн
Сушильный барабан Asko T408HD.W*;157 409;576719;114 655,00;148 900,00;> 5;КухИн
Сушильный барабан Asko T409HS.W*;156 438;576708;123 125,00;159 900,00;> 5;КухИн
Сушильный барабан Asko T410HD.W.P*;229 794;742839;123 125,00;159 900,00;3;КухИн
Сушильный барабан Asko T608HX.S*;156 441;586980;140 835,00;182 900,00;> 5;КухИн
Сушильный барабан Asko T608HX.W*;156 440;576706;130 825,00;169 900,00;> 5;КухИн
Сушильный барабан Vestfrost VFTD8HT31W*;207 653;18002145;41 995,00;59 990,00;> 5;
;;;;;;
Узкие;141;;;;;
Стиральная машина DeLonghi JULIA L 724 VI*;231 494;;35 245,00;46 990,00;1;
Стиральная машина Smeg WM3T60CRU**;231 124;WM3T60CRU;53 190,00;69 990,00;5;КухИн
Стиральная машина Vestfrost VF6T2S100W*;166 455;18001992;27 995,00;39 990,00;1;
;;;;;;
Сушильные шкафы;90 110;;;;;КухИн
Сушильный шкаф Asko DC7774V.W*;145 238;675289;116 720,00;145 900,00;2;КухИн
Сушильный шкаф Asko DC7784V.S*;145 487;675664;145 455,00;188 900,00;> 5;КухИн
;;;;;;
Холодильники;121;;;;;
;;;;;;
Side-by-side;142;;;;;
Холодильник Sharp SJEX93PBE*;164 282;SJEX93PBE;159 990,00;;1;
Холодильник Sharp SJFS97VBK*;86 205;;211 990,00;;2;
;;;;;;
1.2.Встраиваемая техника;8;;;;;
;;;;;;
Варочные панели;39;;;;;
;;;;;;
Аксессуары для варочных панелей;49;;;;;КухИн
;;;;;;
для панелей PANDO;216 801;;;;;КухИн
Накладная панель гриль PANDO PI-3-ACC**;216 729;;19 495,00;29 990,00;3;КухИн
;;;;;;
Газовые панели;50;;;;;
;;;;;;
30 см (домино);80 227;;;;;КухИн
Газовая варочная панель PANDO PGA-4130**;216 730;;58 495,00;89 990,00;> 5;КухИн
Газовая панель Asko HG1355GB**;90 030;735376;46 835,00;69 900,00;2;КухИн
;;;;;;
60 см;79 699;;;;;
Газовая панель Asko HG1666SB** ;127 725;476653;44 925,00;59 900,00;1;КухИн
Газовая панель Kuppersberg FS 604 B Bronze*;231 077;0;22 540,00;31 935,00;1;
;;;;;;
70-75 см;79 700;;;;;
Газовая варочная панель PANDO PGA-4370**;216 732;;90 995,00;139 990,00;2;КухИн
Газовая панель Asko HG1776AB** ;127 726;476655;60 235,00;89 900,00;2;КухИн
Газовая панель Barazza 1PMD70N 4mm black glass ceramic*;228 420;1PMD70N;123 495,00;189 990,00;4;
;;;;;;
80 - 120 см;79 701;;;;;
Газовая варочная панель PANDO PGA-4490**;216 096;;149 495,00;229 990,00;2;КухИн
Газовая панель Asko HG1986AB** ;127 728;476659;66 935,00;99 900,00;1;КухИн
Газовая панель Barazza 1PLE2D satin stainless steel*;228 418;1PLE2D;116 995,00;179 990,00;1;
Газовая панель Barazza 1PMD95N 4mm black glass ceramic*;228 421;1PMD95N;129 995,00;199 990,00;3;
Газовая панель Korting HG 965 CTX*;96 579;;35 745,00;49 990,00;1;
;;;;;;
Индукционные панели;6 059;;;;;
;;;;;;
30-38 см (домино);80 228;;;;;
Индукционная стеклокерамич. панель Asko HI1355G**;90 031;735402;53 535,00;79 900,00;3;КухИн
Индукционная стеклокерамич. панель Barazza 1PIDC30N 4mm black glass ceramic*;228 422;1PIDC30N;51 995,00;79 990,00;> 5;
;;;;;;
60 см;79 702;;;;;
Индукционная варочная панель PANDO PI-3200W**;223 300;;90 995,00;139 990,00;4;КухИн
Индукционная варочная панель PANDO PI-3300**;223 301;;97 495,00;149 990,00;> 5;КухИн
Индукционная варочная панель PANDO PI-3300W**;216 780;;116 995,00;179 990,00;2;КухИн
Индукционная стеклокерамич. панель Asko HI1655G**;90 041;463149;76 985,00;114 900,00;4;КухИн
Индукционная стеклокерамич. панель Asko HI1655M**;90 043;467598;83 685,00;124 900,00;4;КухИн
Индукционная стеклокерамич. панель Asko HI1655MF*;160 718;735403;83 685,00;124 900,00;1;КухИн
Индукционная стеклокерамич. панель Asko HI1694G**;90 040;462673;70 285,00;104 900,00;3;КухИн
Индукционная стеклокерамич. панель Asko HID654GC**;232 501;737831;100 435,00;149 900,00;3;КухИн
Индукционная стеклокерамич. панель Asko HID654MC**;232 500;737426;107 135,00;159 900,00;3;КухИн
Индукционная стеклокерамич. панель Barazza 1PIDC60N 4mm black glass ceramic*;228 423;1PIDC60N;77 995,00;119 990,00;3;
Индукционная стеклокерамич. панель Barazza 1PIDG64B 4mm white glass ceramic*;228 428;1PIDG64B;84 495,00;129 990,00;4;
Индукционная стеклокерамич. панель Barazza 1PIDG64N 4mm black glass ceramic*;228 427;1PIDG64N;64 995,00;99 990,00;> 5;
Индукционная стеклокерамич. панель Kuppersberg ICS 645 F*;231 508;0;29 560,00;41 879,00;1;
Индукционная стеклокерамич. панель Smeg SI2641D**;160 854;;58 890,00;81 790,00;2;КухИн
Индукционная стеклокерамич. панель Teka IT 6450 IKNOB**;145 120;10210182;77 150,00;114 990,00;1;КухИн
;;;;;;
70-78 см;79 704;;;;;КухИн
Индукционная варочная панель PANDO E-391/78 V.1130 ECO PLUS + DIFUSOR H60mm FILTROS CERAMICOS;223 244;10066;292 495,00;449 990,00;2;КухИн
Индукционная варочная панель PANDO E-391/78 V.1130 ECO PLUS + DIFUSOR LAT H60mm FILTROS CERAMICOS**;228 210;10200;292 495,00;449 990,00;> 5;КухИн
Индукционная стеклокерамич. панель Asko HID754MFC**;232 499;737833;113 835,00;169 900,00;2;КухИн
;;;;;;
80-95 см;79 703;;;;;
Индукционная варочная панель PANDO PI-3500**;223 302;;181 995,00;279 990,00;2;КухИн
Индукционная стеклокерамич. панель Asko HID824GC**;232 498;737826;117 185,00;174 900,00;1;КухИн
Индукционная стеклокерамич. панель Asko HID945MC**;232 496;737825;140 635,00;209 900,00;2;КухИн
Индукционная стеклокерамич. панель Barazza 1PIDC80N 4mm black glass ceramic*;228 424;1PIDC80N;77 995,00;119 990,00;> 5;
;;;;;;
95-120 см;90 045;;;;;
Индукционная стеклокерамич. панель Barazza 1PIDC120N 4mm black glass ceramic*;228 426;1PIDC120N;116 995,00;179 990,00;1;
;;;;;;
Стеклокерамические панели;54;;;;;
;;;;;;
30 см (домино);80 229;;;;;
Стеклокерамическая панель Gorenje ECT322ORAW;147 381;730784;20 735,00;26 990,00;1;
;;;;;;
Вытяжки;40;;;;;
;;;;;;
Аксессуары для вытяжек;56;;;;;
;;;;;;
для вытяжек Elica;79 494;;;;;
Комплект д/уст. Elica KIT 0038778 (для 70 CC (Back Aspiration));82 946;KIT0038778;3 470,00;;1;
;;;;;;
для вытяжек Falmec;114 832;;;;;КухИн
Воздуховод Falmec для вытяжки H960 (KACL.512#I);156 431;KACL.512#I;7 700,00;20 460,00;1;КухИн
;;;;;;
для вытяжек PANDO;222 156;;;;;КухИн
Угольный фильтр PANDO KIT REC.FCA IES PRO/52 (2 шт в комплекте);230 144;;4 720,00;6 290,00;2;КухИн
Угольный фильтр PANDO KIT REC.FCRL-AE NCR/52;230 149;1202611;9 370,00;12 490,00;4;КухИн
Угольный фильтр PANDO KIT RECICLAJE FCA P-823N;230 145;1200230;6 595,00;8 790,00;1;КухИн
Угольный фильтр PANDO KIT RECICLAJE FCLR-AE NCR/78;230 148;1202612;12 220,00;16 290,00;3;КухИн
Угольный фильтр PANDO KIT RECICLAJE FCLR-AE P-825/60 INOX;230 146;1200233;15 970,00;21 290,00;1;КухИн
Угольный фильтр PANDO KIT RECICLAJE FCLR-AE P-825/90 INOX;230 147;1202619;15 970,00;21 290,00;1;КухИн
Угольный фильтр PANDO KIT RECICLAJE FCRL-AE NEO/52;230 142;1202609;9 370,00;12 490,00;3;КухИн
Угольный фильтр PANDO KIT RECICLAJE FCRL-AE NEO/78;230 143;1202610;12 220,00;16 290,00;2;КухИн
;;;;;;
Встраиваемые вытяжки;57;;;;;КухИн
;;;;;;
 встраиваемые в столешницу;132 021;;;;;КухИн
Вытяжка PANDO E-320/90 IX-CR.TOUCH V.950 SEC черное стекло**;222 196;008998;227 495,00;349 990,00;> 5;КухИн
Вытяжка PANDO E-350/90 IX-CR NE 1350 INT/EXT**;228 200;009239;298 995,00;459 990,00;1;КухИн
;;;;;;
45- 55 см;69 825;;;;;КухИн
Вытяжка PANDO GTI/510 IX V1050 ECO SEC PLUS**;216 769;10138;84 495,00;129 990,00;5;КухИн
Вытяжка PANDO GTI/510NE V1050 ECO SEC PLUS**;216 771;10159;90 995,00;139 990,00;4;КухИн
Вытяжка PANDO NCR/52 IX-CR.BL V.850 SEC**;216 720;9131;68 245,00;104 990,00;5;КухИн
Вытяжка PANDO NCR/52 TOTAL BLACK V.850**;216 756;10044;68 245,00;104 990,00;> 5;КухИн
Вытяжка PANDO NEO/52 INOX V.850 SEC**;228 203;009009;42 245,00;64 990,00;> 5;КухИн
Вытяжка PANDO PRO/52 INOX V.1050 SEC PLUS**;216 744;10026;102 045,00;156 990,00;2;КухИн
;;;;;;
60 см;69 828;;;;;КухИн
Вытяжка PANDO IES/60 IX TOUCH CT BLANCO 850 SEC**;228 207;009082;58 495,00;89 990,00;2;КухИн
Вытяжка PANDO TIM-2/60 NEGRO V.850**;228 208;0010179;81 895,00;125 990,00;3;КухИн
Вытяжка PANDO TIS/60 CR.NEGRO V.850**;216 777;9999.A;84 495,00;129 990,00;> 5;КухИн
;;;;;;
70-100 см;82 403;;;;;КухИн
Вытяжка PANDO EVO/780.11 INOX V.850 SEC**;216 776;007379;69 545,00;106 990,00;2;КухИн
Вытяжка PANDO GTI/725 IX V1050 ECO SEC PLUS**;216 774;0010141;97 495,00;149 990,00;2;КухИн
Вытяжка PANDO GTI/725 NE  V.1250 ECO SEC**;231 579;10163;116 995,00;179 990,00;2;КухИн
Вытяжка PANDO GTI/725INOX V.1250 ECO SEC**;231 578;10142;113 745,00;174 990,00;2;КухИн
Вытяжка PANDO GTI/725INOX V.850 SEC**;231 571;10140;90 995,00;139 990,00;2;КухИн
Вытяжка PANDO GTI/725NE V.850 SEC**;231 572;10161;90 995,00;139 990,00;3;КухИн
Вытяжка PANDO GTI/810 INOX V.1050 ECO SEC PLUS**;216 770;010146;94 245,00;144 990,00;1;КухИн
Вытяжка PANDO GTI/810 INOX V.1250 ECO SEC**;231 576;10147;110 495,00;169 990,00;2;КухИн
Вытяжка PANDO GTI/810 INOX V.850 SEC**;228 201;010145;81 245,00;124 990,00;1;КухИн
Вытяжка PANDO GTI/810NE V.1250 ECO SEC**;231 577;10168;120 245,00;184 990,00;1;КухИн
Вытяжка PANDO NCR/78 IX-CR.BL V.850 SEC**;216 721;9132;70 845,00;108 990,00;3;КухИн
Вытяжка PANDO NCR/78 TOTAL BLACK V.850**;216 757;10045;70 845,00;108 990,00;4;КухИн
Вытяжка PANDO NEO/78 INOX V.850 SEC**;228 204;009010;45 495,00;69 990,00;3;КухИн
Вытяжка PANDO PRO/85 INOX V.850 SEC**;229 798;9727;90 995,00;139 990,00;3;КухИн
Вытяжка PANDO PRO/85INOX V.1250 SEC**;231 575;10078;129 995,00;199 990,00;2;КухИн
Вытяжка PANDO TIS/90 CR.BLANCO V.850**;227 357;010031.A;90 995,00;139 990,00;3;КухИн
Вытяжка PANDO TIS/90 CR.NEGRO V.850**;228 209;010001.A;90 995,00;139 990,00;> 5;КухИн
;;;;;;
от 100 см;83 527;;;;;КухИн
Вытяжка PANDO TIL/120 IX V.1250**;217 286;009926.A;157 945,00;242 990,00;1;КухИн
;;;;;;
Купольные вытяжки;58;;;;;
;;;;;;
60 см;90;;;;;
Вытяжка Korting KHC 65070 GB*;139 926;;20 455,00;29 990,00;1;
Вытяжка PANDO P-732/60 CR.BLANCO 850 SEC**;216 717;8632;103 995,00;159 990,00;1;КухИн
Вытяжка PANDO P-823N/60 IX V.850 SEC**;229 799;10255;58 495,00;89 990,00;1;КухИн
Вытяжка PANDO P-825/60 INOX V.850 SEC**;229 800;10267;71 495,00;109 990,00;2;КухИн
Вытяжка Teka DLV 68660 TOS BLACK*;162 543;112930024;41 395,00;59 990,00;1;КухИн
Вытяжка Teka DOB 60 anthracite brass**;132 121;40495431;13 795,00;19 990,00;2;КухИн
Вытяжка Teka DOB 60 beige brass**;132 122;40495432;13 795,00;19 990,00;4;КухИн
Вытяжка Teka DOB 60 vanilla brass**;132 120;40495430;13 795,00;19 990,00;> 5;КухИн
Вытяжка Teka DOS 60.1 VN VANILLA/OLD BRASS*;159 929;113010001;18 625,00;26 990,00;2;
Вытяжка Teka DOS 60.1 VNS VANILLA/OLD SILVER*;159 930;113010002;18 625,00;26 990,00;5;
Вытяжка Teka MIRABEL 60 HP vanilla**;127 741;40495451;17 935,00;25 990,00;3;КухИн
Вытяжка Teka MIRABEL 90 HP vanilla*;127 742;40495450;18 625,00;26 990,00;3;КухИн
;;;;;;
65-75 см;91;;;;;КухИн
Вытяжка PANDO P-823/70 IX V.850 SEC**;216 715;8524;61 745,00;94 990,00;2;КухИн
Вытяжка PANDO P-828/70 IX 850 SEC**;216 714;6715;68 245,00;104 990,00;2;КухИн
;;;;;;
90-120 см;93;;;;;
Вытяжка PANDO P-725/90 CR.BLANCO 850**;216 762;10048;64 995,00;99 990,00;4;КухИн
Вытяжка PANDO P-725/90 CR.NEGRO 850**;216 763;10049;64 995,00;99 990,00;2;КухИн
Вытяжка PANDO P-823N/90IX V.850 SEC**;231 573;10257;64 995,00;99 990,00;4;КухИн
Вытяжка PANDO P-861/90 IX 1050 SEC PLUS**;216 723;9332;162 495,00;249 990,00;1;КухИн
Вытяжка Teka DOS 90.1 VN VANILLA/OLD BRASS*;159 931;113010003;20 695,00;29 990,00;4;
Вытяжка Teka DOS 90.1 VNS VANILLA/OLD SILVER*;159 932;113010004;20 695,00;29 990,00;3;
;;;;;;
Островные вытяжки;60;;;;;
;;;;;;
35-40 см;84 170;;;;;
Вытяжка Maunfeld Lee Isla (sensor) 39 черный*;205 692;КА-00015707;36 480,00;51 490,00;1;
;;;;;;
Духовые шкафы, свч и др.;41;;;;;
;;;;;;
Аксессуары для духовых шкафов и свч;63;;;;;
;;;;;;
для марки Graude;156 368;;;;;
Камень для пиццы GRAUDE PS-1;156 536;Камень для пиццы;1 580,00;2 290,00;> 5;
;;;;;;
Компактные шкафы;66;;;;;
Компактный дух.шкаф Asko OCM8464A1**;231 442;742137;89 925,00;119 900,00;> 5;КухИн
Компактный дух.шкаф Asko OCM8464S**;148 907;729865;89 925,00;119 900,00;4;КухИн
Компактный дух.шкаф Asko OCM8478G** ;114 849;507875;150 685,00;224 900,00;3;КухИн
Компактный дух.шкаф Asko OCM8487A1**;231 443;742133;113 835,00;169 900,00;1;КухИн
Компактный дух.шкаф Asko OCM8487B**;150 672;736345;120 535,00;179 900,00;3;КухИн
Компактный дух.шкаф Asko OCS8464S** ;148 915;729863;93 675,00;124 900,00;1;КухИн
Компактный дух.шкаф Asko OCS8478G**;114 850;507874;167 435,00;249 900,00;1;КухИн
Компактный дух.шкаф Asko OCSM8478G**;162 488;731915;221 035,00;329 900,00;4;КухИн
Компактный дух.шкаф Asko OCSM8487B**;162 487;734515;200 935,00;299 900,00;2;КухИн
Компактный дух.шкаф Gorenje BCM4547A10BG;224 857;740367;76 330,00;108 490,00;2;
Компактный дух.шкаф Gorenje BCM598S18X;163 818;730091;78 120,00;109 990,00;2;
Компактный дух.шкаф Gorenje BCMS598S19X;159 562;734252;117 670,00;160 990,00;2;
Компактный дух.шкаф PANDO PHC-943**;216 752;;110 495,00;169 990,00;5;КухИн
Компактный дух.шкаф PANDO PHT-941**;216 750;;84 495,00;129 990,00;2;КухИн
Компактный дух.шкаф PANDO PHTV-942**;216 751;;129 995,00;199 990,00;> 5;КухИн
;;;;;;
Кофеварки;44;;;;;
Кофемашина Asko CM8477A**;162 789;736552;234 435,00;349 900,00;> 5;КухИн
Кофемашина Asko CM8477B**;160 018;736270;234 435,00;349 900,00;> 5;КухИн
Кофемашина Asko CM8477S**;162 790;736260;234 435,00;349 900,00;4;КухИн
Кофемашина Asko CM8478G**;150 677;736551;241 135,00;359 900,00;> 5;КухИн
Кофемашина Gorenje CMA9200UX;165 888;465211;157 780,00;222 490,00;1;
;;;;;;
Микроволновые печи;67;;;;;
Микроволновая печь Asko OM8464A1** ;231 448;742138;74 925,00;99 900,00;> 5;КухИн
Микроволновая печь Asko OM8464S** ;148 903;729867;74 925,00;99 900,00;4;КухИн
Микроволновая печь Asko OM8487B*;150 671;736346;100 435,00;149 900,00;> 5;КухИн
Микроволновая печь Gorenje BM235ORAB;145 261;728172;41 250,00;54 990,00;1;
Микроволновая печь Gorenje BM235ORAW;145 262;728171;41 250,00;54 990,00;1;
Микроволновая печь GRAUDE MWG 38.1 S*;160 779;;20 695,00;29 990,00;1;
Микроволновая печь PANDO PHM-950**;216 753;;77 995,00;119 990,00;> 5;КухИн
;;;;;;
Прочие кухонные приборы;46;;;;;
Вакуумный упаковщик Asko ODV8127B**;155 522;731156;180 835,00;269 900,00;2;КухИн
Вакуумный упаковщик Asko ODV8127S**;139 859;563505;180 835,00;269 900,00;1;КухИн
Вакуумный упаковщик Asko ODV8128G**;139 860;563504;187 535,00;279 900,00;1;КухИн
Шкаф для подогрева посуды Asko ODW8127A**;131 804;497358;60 235,00;89 900,00;1;КухИн
Шкаф для подогрева посуды Asko ODW8128G** ;114 848;497322;62 915,00;93 900,00;2;КухИн
Шкаф для подогрева посуды Barazza 1CEEVEN matt black stainless steel*;228 412;1CEEVEN;57 195,00;87 990,00;> 5;
Шкаф для подогрева посуды Barazza 1CEEVG black glass*;228 408;1CEEVG;53 295,00;81 990,00;> 5;
Шкаф для подогрева посуды Barazza 1CEEVS satin stainless steel*;228 410;1CEEVS;55 245,00;84 990,00;3;
Шкаф для подогрева посуды PANDO PCP-9600**;216 725;;45 495,00;69 990,00;2;КухИн
;;;;;;
Электрические шкафы;68;;;;;
;;;;;;
60 см;82 252;;;;;
Духовой шкаф Asko OCS8664A1**;231 445;742134;104 925,00;139 900,00;> 5;КухИн
Духовой шкаф Asko OCS8664S**;148 910;729859;104 925,00;139 900,00;4;КухИн
Духовой шкаф Asko OCS8678G**;114 846;507872;190 885,00;284 900,00;2;КухИн
Духовой шкаф Asko OCS8687A1**;231 446;742129;140 635,00;209 900,00;4;КухИн
Духовой шкаф Asko OCS8687S**;131 812;730367;140 635,00;209 900,00;3;КухИн
Духовой шкаф Asko OP8664S**;148 912;729855;75 835,00;109 900,00;> 5;КухИн
Духовой шкаф Asko OP8678G** ;114 847;507873;167 435,00;249 900,00;1;КухИн
Духовой шкаф Asko OP8687S**;131 814;730366;118 525,00;176 900,00;2;КухИн
Духовой шкаф Asko OT8664S**;148 914;729857;67 425,00;89 900,00;> 5;КухИн
Духовой шкаф Asko OT8687B**;150 675;736349;107 135,00;159 900,00;> 5;КухИн
Духовой шкаф Barazza 1FEVEPN matt black stainless steel*;228 411;1FEVEPN;116 995,00;179 990,00;> 5;
Духовой шкаф Barazza 1FEVGP black glass*;228 407;1FEVGP;110 495,00;169 990,00;> 5;
Духовой шкаф Barazza 1FEVMP mat stainless steel*;228 413;1FEVMP;116 995,00;179 990,00;3;
Духовой шкаф Barazza 1FEVSP satin stainless steel*;228 409;1FEVSP;110 495,00;169 990,00;> 5;
Духовой шкаф Barazza 1FEVTP trama stainless steel*;228 414;1FEVTP;118 295,00;181 990,00;4;
Духовой шкаф Barazza 1FVAPI satin stainless steel*;228 416;1FVAPI;116 995,00;179 990,00;5;
Духовой шкаф Barazza 1FVAPN black glass*;228 415;1FVAPN;116 995,00;179 990,00;> 5;
Духовой шкаф PANDO PHP-962**;216 748;;90 995,00;139 990,00;> 5;КухИн
Духовой шкаф PANDO PHT-963**;207 711;;97 495,00;149 990,00;4;КухИн
;;;;;;
Посудомоечные машины;45;;;;;
;;;;;;
шириной 45 см;69;;;;;
Посудомоечная машина Korting KDI 45488*;228 468;;50 045,00;69 990,00;1;
Посудомоечная машина Kuppersberg GLM 4575*;162 792;0;33 785,00;47 863,00;1;
Посудомоечная машина Smeg ST4512IN**;216 259;ST4512IN;40 805,00;53 690,00;3;КухИн
;;;;;;
шириной 60 см;70;;;;;
Посудомоечная машина Asko DFI545K**;228 718;739490;82 425,00;109 900,00;> 5;КухИн
Посудомоечная машина Asko DFI747MU**;228 713;739526;107 135,00;159 900,00;> 5;КухИн
Посудомоечная машина Asko DSD544D**;228 717;739487;74 925,00;99 900,00;3;КухИн
Посудомоечная машина Gorenje GV663C61;224 863;739651;52 265,00;63 990,00;> 5;
;;;;;;
Холодильники;48;;;;;
;;;;;;
Винные холодильники;73;;;;;КухИн
;;;;;;
120-169 см высотой ;66 479;;;;;КухИн
Винный холодильник PANDO PVMAV 124-70XR**;216 765;;227 495,00;349 990,00;1;КухИн
Винный холодильник PANDO PVMAVP 124-70CRR**;216 759;;305 495,00;469 990,00;1;КухИн
Винный холодильник PANDO PVMAVP 124-70XR**;216 767;;272 995,00;419 990,00;1;КухИн
;;;;;;
170 см высотой и выше;77;;;;;КухИн
Винный холодильник PANDO PVMAVP 178-112CRR**;216 760;;454 995,00;699 990,00;3;КухИн
;;;;;;
85-119 см высотой;78;;;;;КухИн
Винный холодильник PANDO PVMAV 88-49CRR**;216 737;;240 495,00;369 990,00;1;КухИн
Винный холодильник PANDO PVMAV 88-49XR**;216 738;;194 995,00;299 990,00;1;КухИн
;;;;;;
до 85 см высотой;68 832;;;;;КухИн
Винный холодильник PANDO PVMAV 45-18CRL**;231 574;;155 995,00;239 990,00;2;КухИн
Винный холодильник PANDO PVMAV 45-18CRR**;216 734;;155 995,00;239 990,00;2;КухИн
Винный холодильник PANDO PVMAV 60-25CRL**;224 139;;207 995,00;319 990,00;2;КухИн
Винный холодильник PANDO PVMAV 60-25CRR**;216 735;;207 995,00;319 990,00;2;КухИн
Винный холодильник PANDO PVMAVP 45-18CRL**;223 306;;181 995,00;279 990,00;4;КухИн
Винный холодильник PANDO PVMAVP 45-18CRR**;216 743;;181 995,00;279 990,00;2;КухИн
Винный холодильник PANDO PVMAVP 45-18XR**;216 742;;155 995,00;239 990,00;1;КухИн
Винный холодильник PANDO PVMAVP 60-25CRR**;216 739;;240 495,00;369 990,00;1;КухИн
Винный холодильник PANDO PVMAVP 60-25XR**;216 740;;194 995,00;299 990,00;2;КухИн
Винный холодильник PANDO PVMBP 60-45CRL**;223 304;;240 495,00;369 990,00;3;КухИн
Винный холодильник PANDO PVMBP 60-45CRR**;216 766;;240 495,00;369 990,00;> 5;КухИн
Винный холодильник PANDO PVZB 15-9CRL**;216 783;;61 745,00;94 990,00;4;КухИн
Винный холодильник PANDO PVZB 15-9CRR**;216 775;;61 745,00;94 990,00;2;КухИн
Винный холодильник PANDO PVZB 30-16CRL**;216 785;;97 495,00;149 990,00;> 5;КухИн
Винный холодильник PANDO PVZB 30-16CRR**;216 784;;97 495,00;149 990,00;4;КухИн
Винный холодильник PANDO PVZB 60-46CRL**;216 787;;149 495,00;229 990,00;3;КухИн
Винный холодильник PANDO PVZB 60-46CRR**;216 786;;149 495,00;229 990,00;> 5;КухИн
;;;;;;
Двухкамерные;74;;;;;
;;;;;;
170 см высотой и выше;80;;;;;
Холодильник Asko RFN31831i**;150 076;732600;93 735,00;139 900,00;> 5;КухИн
Холодильник Asko RFN31842i**;150 078;732591;154 035,00;229 900,00;1;КухИн
Холодильник Gorenje NRKI418FA0;229 758;741409;63 345,00;83 490,00;> 5;
Холодильник Smeg C8194TNE**;166 338;C8194TNE;112 315,00;155 990,00;> 5;КухИн
;;;;;;
Морозильные камеры;75;;;;;КухИн
;;;;;;
высотой 170 см и выше;82;;;;;КухИн
Морозильник Asko FN31831i**;213 568;733860;87 035,00;129 900,00;> 5;КухИн
Морозильник Asko FN31842i**;150 080;732602;113 835,00;169 900,00;5;КухИн
;;;;;;
Однокамерные;76;;;;;
;;;;;;
170 см высотой и выше;85;;;;;КухИн
Холодильник Asko R31831i**;150 077;732594;66 935,00;99 900,00;> 5;КухИн
;;;;;;
50-119 см высотой;86;;;;;
Холодильник Liebherr UIKo 1560**;147 690;;131 020,00;147 000,00;1;
;;;;;;
1.4.Мелкая бытовая техника;14;;;;;
;;;;;;
Техника для кухни;5 034;;;;;КухИн
;;;;;;
Кофеварки;5 035;;;;;КухИн
;;;;;;
Кофе-машины;5 039;;;;;КухИн
Кофемашина Smeg BCC02BLMEU**;206 268;BCC02BLMEU;57 400,00;68 990,00;3;КухИн
;;;;;;
Уход за одеждой;5 032;;;;;
;;;;;;
Отпариватели;83 351;;;;;
Отпариватель LauraStar IGGI Intense Red**;165 343;109602;22 990,00;22 990,00;1;
Отпариватель LauraStar IGGI Pure White**;165 344;109603;22 990,00;22 990,00;1;
;;;;;;
1.9.Сантехника;84 719;;;;;
;;;;;;
Измельчители пищевых отходов;117 634;;;;;
Измельчитель пищевых отходов Bone Crusher 810;143 064;;24 655,00;32 870,00;1;
Измельчитель пищевых отходов Omoikiri Nagare 750 (арт.4995059);158 702;4995059;21 100,00;29 888,00;1;
;;;;;;
Кухонные мойки;84 720;;;;;
;;;;;;
 Аксессуары к мойкам;87 662;;;;;КухИн
;;;;;;
Teka;132 372;;;;;КухИн
Крепеж Teka (10 ед.) (art.61102045);132 364;61102045;230,00;370,00;> 5;КухИн
Слив Teka 3 1/2 с переливом (art.61001169);132 358;61001169;1 855,00;2 990,00;> 5;КухИн
Соединительные трубки и сифон Teka (art.61001104);132 361;61001104;925,00;1 490,00;1;КухИн
;;;;;;
Barazza;228 432;;;;;
Мойка кухонная Barazza 1LCY91NK black b_granite (1 bowl+accessories kit and tap)*;228 431;1LCY91NK;110 495,00;169 990,00;2;
;;;;;;
Teka;132 354;;;;;КухИн
Мойка кухонная Teka PRINCESS 1 ½B ½D MCTXT (art.40109182)*;166 129;40109182;7 435,00;11 990,00;> 5;КухИн
Мойка кухонная Teka PRINCESS 1 ½B ½D POLISHED (art.40109181)*;166 128;40109181;6 815,00;10 990,00;> 5;КухИн
Мойка кухонная Teka Universo 65.50 1 1/2 B матовый (art.10120068)*;132 266;10120068;9 295,00;14 990,00;> 5;КухИн
;;;;;;
Смесители;84 721;;;;;
;;;;;;
HANSGROHE_2;204 101;;;;;
;;;;;;
Раковина;204 109;;;;;
74802670 HG Zesis M33 150 смеситель для кухни 1jet, матовый черный;225 587;74802670;15 695,00;18 426,00;1;
;;;;;;
2.3.Химия бытовая и доп.принадлежности;69 701;;;;;
;;;;;;
для варочных поверхностей;72 684;;;;;
Лезвия к скребку BON BN-604 (10шт);156 710;;200,00;;> 5;
Лезвия к скребку MAGIC POWER MP-604 (3шт);156 715;;110,00;;3;
Скребок для стеклокерамики BON BN-603;156 709;;315,00;;> 5;
Скребок для стеклокерамики MAGIC POWER MP-603;156 714;;350,00;;> 5;
Средство для ухода за стеклокерамикой MAGIC POWER MP015;136 958;;200,00;;5;
Чистящее средство д/стеклокеремики BON BN-162;156 703;;225,00;;> 5;
;;;;;;
для духовых шкафов;69 702;;;;;
Чистящее средство д/духовых шкафов MAGIC POWER MP014;136 960;;250,00;;> 5;
;;;;;;
для стиральных и посудом.машин;84 024;;;;;
;;;;;;
для посудомоечных машин;72 683;;;;;
Гель для посудомоечной машины Asko LD10;229 726;740795;1 820,00;2 800,00;> 5;
Ополаскиватель для ПММ BON BN-165;156 704;;260,00;;> 5;
Ополаскиватель для ПММ MAGIC POWER MP012;136 950;;175,00;;> 5;
Соль для посудомоечных машин BON BN-168;156 705;;190,00;;> 5;
Соль для посудомоечных машин MAGIC POWER MP2030;136 954;;170,00;;1;
Таблетки для ПММ 2в1 MAGIC POWER MP2021;156 713;;680,00;;> 5;
;;;;;;
для стиральных машин;72 687;;;;;
Амортизирующие подставки BON BN-610;228 053;;270,00;;> 5;
Жидкое средство для стирки белого белья Asko LW11 WHITE (3838782513527);216 365;738557;1 170,00;1 800,00;> 5;
Кондиционер для белья Asko LF11 AU FABRIC CARE (3838782513534);216 366;738558;845,00;1 300,00;> 5;
Концентрированный стиральный порошок Magic Power MP-130  5кг;216 821;;940,00;;> 5;
Средство д/первого пуска MAGIC POWER MP843;136 947;;110,00;;> 5;
Шланг сливной д/стиральных машин MAGIC POWER MP625  (3м);166 438;;375,00;;4;
;;;;;;
для холодильников;72 685;;;;;
Чистящее средство для холодильников BON BN-161;156 702;;210,00;;> 5;
;;;;;;
Итог;;;;;;
